url,company,publishedAt,title,description,sentiment
https://techcrunch.com/2025/10/31/chatgpt-everything-to-know-about-the-ai-chatbot/,Apple,2025-10-31T17:43:55Z,ChatGPT: Everything you need to know about the AI chatbot,Here's a ChatGPT guide to help understand Open AI's viral text-generating system. We outline the most recent updates and answer your FAQs.,good
https://techcrunch.com/2025/10/31/tim-cook-says-apple-is-open-to-ma-on-the-ai-front/,Apple,2025-10-31T15:17:12Z,Tim Cook says Apple is open to M&A on the AI front,Apple CEO Tim Cook looks to M&A and AI partnerships to advance Apple Intelligence.,neutral
https://www.cnbc.com/2025/10/31/european-markets-expected-to-open-lower-amid-earnings-and-ecb-rates.html,Apple,2025-10-31T14:29:35Z,European markets lower as investors react to earnings; euro zone inflation falls to 2.1%,Investors on Friday are reacting to a number of big-name earnings and central bank decisions this week.,neutral
https://www.cnbc.com/2025/10/31/see-inside-california-mom-purchased-poltergeist-house.html,Apple,2025-10-31T13:00:01Z,Look inside: California mom purchased the 'Poltergeist' house for $1.28 million in 2024—it 'has another story to tell',"Rachel Powers purchased the home featured in ""Poltergeist"" in October 2024 and has spent close to $200,000 restoring select rooms to match the movie.",good
https://www.cnbc.com/2025/10/31/5-things-to-know-before-the-stock-market-opens.html,Apple,2025-10-31T12:06:50Z,"Amazon's earnings rally, Netflix's stock split, chocolate inflation and more in Morning Squawk",Here are five key things investors need to know to start the trading day.,neutral
https://www.cnbc.com/2025/10/30/apple-isnt-playing-the-same-ai-capex-game-as-the-rest-of-the-megacaps.html,Apple,2025-10-30T23:37:36Z,Apple isn't playing the same AI capex game as the rest of the megacaps,"While many of the largest tech companies race to build massive data centers for their artificial intelligence ambitions, Apple is taking a more modest approach.",neutral
https://www.cnbc.com/2025/10/30/tech-stocks-thursday-declines-might-not-last-long-jim-cramer-says.html,Apple,2025-10-30T22:28:55Z,"Tech stocks' Thursday declines might not last long, Jim Cramer says",CNBC's Jim Cramer unpacked Thursday's market action.,good
https://techcrunch.com/2025/10/30/bevel-raises-10m-series-a-from-general-catalyst-for-its-ai-health-companion/,Apple,2025-10-30T16:06:23Z,Bevel raises $10M Series A from General Catalyst for its AI health companion | TechCrunch,"The AI health companion unifies data from wearables and habits across sleep, fitness, and nutrition into personalized insights for users.",good
https://www.cnbc.com/2025/10/30/apple-aapl-earnings-report-q4-2025.html,Apple,2025-10-30T16:00:01Z,Apple reports fourth quarter earnings after the bell,"The fourth quarter, which runs through the end of September, is the first quarter that includes sales from new iPhone 17 models.",neutral
https://www.cnbc.com/2025/10/30/5-things-to-know-before-the-stock-market-opens.html,Apple,2025-10-30T12:03:11Z,"Big Tech earnings, Fed cuts rates, Trump-Xi meeting and more in Morning Squawk",Here are five key things investors need to know to start the trading day.,neutral
https://www.cnbc.com/2025/10/30/cnbc-daily-open-all-about-trump-xi-fed-cuts-and-big-tech-earnings-.html,Apple,2025-10-30T07:40:49Z,"CNBC Daily Open: All about Trump-Xi, Fed cuts and Big Tech earnings","The crux is that spending on artificial intelligence isn't going to slow down, at least for the next year, thanks to increasing demand for AI services.",neutral
https://www.bloomberg.com/news/articles/2025-10-30/trump-xi-launch-pivotal-trade-talks-at-south-korea-summit,Apple,2025-10-30T04:40:27Z,"Trump, Xi Meeting ends after around 90 minutes of trade talks",Xi told Trump he felt “very warm seeing you again” and said he was “ready to continue working with you to build a solid foundation for China-US relations”,good
https://www.bloomberg.com/news/articles/2025-10-30/meta-microsoft-test-investors-patience-with-ai-spending-spree,Apple,2025-10-30T04:11:13Z,Tech giants face investor scrutiny amid AI spending surge,Tech giants Meta and Microsoft face investor skepticism as their substantial AI spending raises concerns about potential overinvestment.,bad
https://www.cnbc.com/2025/10/29/microsoft-open-ai-investment-earnings.html,Apple,2025-10-29T21:23:18Z,Microsoft takes $3.1 billion hit from OpenAI investment,"Microsoft and OpenAI are key partners in cloud and artificial intelligence, but they're increasingly becoming competitors as well.",good
https://www.cnbc.com/2025/10/29/trump-xi-meeting-trade.html,Apple,2025-10-29T21:15:46Z,"Trump-Xi meeting nears with high stakes and hopes, but few details",The bilat with President Donald Trump and Chinese President Xi Jinping comes just as a recent flare-up in U.S.-China trade relations has appeared to calm down.,bad
https://techcrunch.com/2025/10/29/elevenlabs-ceo-says-ai-audio-models-will-be-commoditized-over-time/,Apple,2025-10-29T17:00:40Z,ElevenLabs CEO says AI audio models will be 'commoditized' over time | TechCrunch,"ElevenLabs' founder Mati Staniszewski said that, in the short term, AI audio models were still the ""biggest advantage and the biggest step change you can have today.""",good
https://www.cnbc.com/2025/10/29/alphabet-google-q3-earnings.html,Apple,2025-10-29T16:00:01Z,Alphabet set to report Q3 earnings after the bell Wednesday,Alphabet is set to report third-quarter earnings after the bell Wednesday.,neutral
https://www.cnbc.com/2025/10/29/apples-iphone-air-sales-in-focus-at-q4-earnings.html,Apple,2025-10-29T11:00:01Z,Apple's iPhone Air doesn't look like a best-seller. It might not matter.,Apple's earnings report this Thursday is critical for investors because it includes the first official sales for the iPhone 17 and the iPhone Air.,good
https://www.cnbc.com/2025/10/29/india-is-dependent-on-china-for-electronic-components-now-its-trying-to-change-that-.html,Apple,2025-10-29T09:55:52Z,India is dependent on China for electronic components. Now it's trying to change that,"India is looking to cut electronic component imports, and has approved the first set of manufacturing projects under its $2.7 billion incentive scheme.",neutral
https://www.cnbc.com/2025/10/29/european-stocks-on-octpoint29-stoxx-600-ftse-cac-dax-fed-rate-cut.html,Apple,2025-10-29T09:20:40Z,"European stocks flat; Luxury carmaker Mercedes up 7.2%, on pace for best trading day since 2022","European stocks were broadly flat as investors awaited the end of the U.S. Federal Reserve's meeting, although some stocks performed well amid earnings.",neutral
https://www.cnbc.com/2025/10/29/cnbc-daily-open-rallies-and-tech-revolution-all-powered-by-ai.html,Apple,2025-10-29T07:30:01Z,CNBC Daily Open: Rallies and tech 'revolution' — all powered by AI,"Investors can't get enough of AI, despite worries over high valuations — and tech companies can't get enough of each other, either.",neutral
https://www.cnbc.com/2025/10/29/cnbc-daily-open-boom-or-bubble-investors-cant-get-enough-of-ai.html,Apple,2025-10-29T01:25:39Z,"CNBC Daily Open: It's a boom, it's a bubble, it's still not enough for investors: It's AI","Investors can't get enough of AI, despite worries over high valuations — and tech companies can't get enough of each other, either.",good
https://www.cnbc.com/2025/10/28/stock-market-today-live-updates-.html,Apple,2025-10-28T22:07:49Z,Stock market today: Live updates,Wall Street is coming off a second day of fresh records for the major averages.,good
https://techcrunch.com/2025/10/28/apple-and-microsoft-are-now-both-worth-more-than-4t/,Apple,2025-10-28T14:59:52Z,Apple and Microsoft are now both worth more than $4T,"This is the first time Apple's market capitalization has crossed the $4 trillion mark, making it the third company to ever cross the milestone after Nvidia and Microsoft.",good
https://www.cnbc.com/2025/10/28/esg-climate-investing-market-china-india-mideast-long-term-winners.html,Apple,2025-10-28T14:12:42Z,"Beyond U.S. ESG retreat, trillions is being invested in the long-term winners, says climate banker","Standard Chartered chief sustainability officer Marisa Drew says trillions being invested across China, India and the Mideast will create long-term winners.",good
https://techcrunch.com/2025/10/28/techcrunch-disrupt-2025-day-2/,Apple,2025-10-28T14:00:00Z,TechCrunch Disrupt 2025: Day 2,"Second day of TechCrunch Disrupt 2025 at San Francisco's Moscone West. Here's the rundown to what to expect, including the 50% discount on passes for remainder of the event.",good
https://www.cnbc.com/2025/10/28/apple-microsoft-4-trillion-market-cap.html,Apple,2025-10-28T13:46:57Z,"CORRECTION: Apple, Microsoft cross $4 trillion market cap",Apple reports fiscal fourth-quarter earnings on Thursday. Microsoft reports earnings on Wednesday.,neutral
https://www.cnbc.com/2025/10/28/google-investors-high-hopes-after-stocks-sharpest-rally-in-20-years.html,Apple,2025-10-28T11:30:01Z,Google investors have big expectations after stock’s sharpest quarterly rally in 20 years,"Following a 38% jump in Alphabet shares in the third quarter, Wall Street will be paying close attention to the company's comments on its AI strategy.",good
https://www.cnbc.com/2025/10/27/tech-earnings-steer-market-next-few-months-jim-cramer.html,Apple,2025-10-27T22:53:11Z,"This week's tech earnings will steer the market's direction over the next few months, Jim Cramer says","CNBC's Jim Cramer stressed the importance of upcoming earnings from Apple, Amazon, Alphabet, Meta and Microsoft.",neutral
https://techcrunch.com/2025/10/27/apple-says-u-s-passport-digital-ids-are-coming-to-wallet-soon/,Apple,2025-10-27T16:44:30Z,Apple says U.S. passport digital IDs are coming to Wallet ‘soon’,"Apple says it will soon introduce an Apple Wallet feature to allow U.S. users to create a digital ID using their passport, which can be used at select TSA checkpoints for domestic travel.",good
https://techcrunch.com/2025/10/31/bluesky-hits-40-million-users-introduces-dislikes-beta/,Meta,2025-10-31T20:14:06Z,"Bluesky hits 40 million users, introduces ‘dislikes’ beta","Bluesky is looking to a new signal — ""dislikes"" — to personalize users' feeds.",neutral
https://techcrunch.com/2025/10/31/meta-bought-1-gw-of-solar-this-week/,Meta,2025-10-31T19:29:04Z,Meta bought 1 GW of solar this week | TechCrunch,The social media company inked three deals in the U.S. to power its data centers and offset its carbon footprint.,good
https://techcrunch.com/2025/10/31/chatgpt-everything-to-know-about-the-ai-chatbot/,Meta,2025-10-31T17:43:55Z,ChatGPT: Everything you need to know about the AI chatbot,Here's a ChatGPT guide to help understand Open AI's viral text-generating system. We outline the most recent updates and answer your FAQs.,neutral
https://www.cnbc.com/2025/10/31/top-warning-signs-your-company-is-preparing-for-a-layoff-according-to-experts.html,Meta,2025-10-31T17:36:35Z,"The top 3 warning signs your company is preparing for a layoff, according to experts: 'Don't get too comfortable'","If your company is hiring less and changing corporate messaging, it could be a sign of an upcoming layoff, according to experts.",bad
https://www.cnbc.com/2025/10/31/exxon-ai-data-center-natural-gas-carbon-capture.html,Meta,2025-10-31T15:50:20Z,Exxon in advanced talks to power AI data centers with natural gas and carbon capture,"The tech sector has mostly secured renewable energy to power data centers, but some are turning to natural gas as well as they search for reliable power.",neutral
https://www.cnbc.com/2025/10/31/big-tech-ai-spending-billions-microsoft-google-software-subscriptions.html,Meta,2025-10-31T15:49:10Z,"As big tech pushes AI spending to the max, you may be helping to pay for it","Big tech companies including Meta, Alphabet and Amazon are spending billions on AI, but they're not the only ones paying for it as software fees rise.",neutral
https://www.cnbc.com/2025/10/31/amazon-amzn-stock-earnings-revenue-ai-cloud.html,Meta,2025-10-31T13:45:48Z,Amazon's stock soars 12% on third-quarter beat and increased spending guidance,Amazon blew past analyst estimates in its third-quarter earnings report and raised its capital expenditures forecast for the year to $125 billion.,good
https://www.cnbc.com/2025/10/31/tech-ai-google-meta-amazon-microsoft-spend.html,Meta,2025-10-31T13:36:42Z,Tech's $380 billion splurge: This quarter's winners and losers of the AI spending boom,"With the largest cloud and internet companies reporting results this week, it's clear that spending on artificial intelligence is only increasing.",neutral
https://www.cnbc.com/2025/10/31/affirm-new-york-life-loan-deal.html,Meta,2025-10-31T12:30:01Z,Affirm gets boost from New York Life with $750 million loan deal,"Affirm has secured similar funding lines with Liberty Mutual Investments, PGIM, and Sixth Street Partners, a trend across the buy-now-pay-later sector.",neutral
https://www.cnbc.com/2025/10/31/5-things-to-know-before-the-stock-market-opens.html,Meta,2025-10-31T12:06:50Z,"Amazon's earnings rally, Netflix's stock split, chocolate inflation and more in Morning Squawk",Here are five key things investors need to know to start the trading day.,neutral
https://www.cnbc.com/2025/10/31/nvidia-ceo-jensen-huang-says-ai-has-reached-a-virtuous-cycle.html,Meta,2025-10-31T09:53:52Z,Nvidia CEO Jensen Huang says AI is in a 'virtuous cycle.' Here's what he means,"""The virtual cycle of AI has been designed, and this is ... the reason why you're seeing the world's capex going so fast,"" Nvidia CEO Jensen Huang said.",bad
https://www.cnbc.com/2025/10/31/google-gemini-ai-free-500-million-jio-relince-users-india-.html,Meta,2025-10-31T08:02:53Z,Google to offer Gemini AI for free to over 500 million Jio users as global firms double down on India,Global AI companies are stepping up efforts to gain users in India by offering free subscriptions,neutral
https://www.cnbc.com/2025/10/31/cnbc-daily-open-ghosts-of-gains-past-for-markets-this-halloween.html,Meta,2025-10-31T06:31:00Z,CNBC Daily Open: Ghosts of gains past for markets this Halloween,"Investors were spooked by some Big Tech capex plans, with all three major indexes falling Thursday.",bad
https://www.cnbc.com/2025/10/31/cnbc-daily-open-trick-or-treat-for-markets-this-halloween.html,Meta,2025-10-31T01:18:51Z,CNBC Daily Open: Trick or treat for markets this Halloween?,"Investors were spooked by some Big Tech capex plans, with all three major indexes falling Thursday.",bad
https://www.cnbc.com/2025/10/30/apple-isnt-playing-the-same-ai-capex-game-as-the-rest-of-the-megacaps.html,Meta,2025-10-30T23:37:36Z,Apple isn't playing the same AI capex game as the rest of the megacaps,"While many of the largest tech companies race to build massive data centers for their artificial intelligence ambitions, Apple is taking a more modest approach.",neutral
https://www.cnbc.com/2025/10/30/tech-stocks-thursday-declines-might-not-last-long-jim-cramer-says.html,Meta,2025-10-30T22:28:55Z,"Tech stocks' Thursday declines might not last long, Jim Cramer says",CNBC's Jim Cramer unpacked Thursday's market action.,neutral
https://www.cnbc.com/2025/10/30/reddit-rddt-q3-2025.html,Meta,2025-10-30T20:21:22Z,"Reddit shares climb on earnings beat, strong forecast","Reddit beats on top and bottom, but logged in user growth keeps slowing",bad
https://www.cnbc.com/2025/10/30/aws-q3-2025-earnings-report-amazon-cloud.html,Meta,2025-10-30T20:14:15Z,"Amazon cloud records 20% sales growth, topping estimates","Amazon Web Services is the world's top provider of cloud infrastructure, but it's facing intensifying pressure from competitors Google and Microsoft.",good
https://techcrunch.com/2025/10/30/canva-launches-its-own-design-model-adds-new-ai-features-to-the-platform/,Meta,2025-10-30T17:00:00Z,"Canva launches its own design model, adds new AI features to the platform","Canva is launching new features like Forms, email design, and makes Affinity free for all users.",neutral
https://www.cnbc.com/2025/10/30/amazon-amzn-q3-earnings-report-2025.html,Meta,2025-10-30T16:00:01Z,Amazon earnings primer: Cloud dominance in focus after massive outage as rivals gain ground,"Investors are closely watching growth in Amazon's cloud computing unit, which faces increasing pressure from rivals and artificial intelligence deals.",neutral
https://techcrunch.com/2025/10/30/threads-now-lets-you-approve-and-filter-your-replies/,Meta,2025-10-30T15:45:00Z,Threads now lets you approve and filter your replies,Threads now lets you approve and filter your replies.,neutral
https://www.cnbc.com/2025/10/30/palantir-s-lonsdale-says-ai-companies-downplay-energy-capital-needs.html,Meta,2025-10-30T15:23:17Z,"AI companies are downplaying amount of energy and capital they need, Joe Lonsdale says",Palantir co-founder and venture capitalist Joe Lonsdale says that execs at AI companies are underselling the resources required to meet their ambitions.,neutral
https://techcrunch.com/2025/10/30/google-partners-with-ambanis-reliance-to-offer-free-ai-pro-access-to-millions-of-jio-users-in-india/,Meta,2025-10-30T14:08:29Z,Google partners with Ambani's Reliance to offer free AI Pro access to millions of Jio users in India | TechCrunch,Google partners with Ambani's Reliance to offer free AI Pro access to millions of Jio users in India | TechCrunchtechcrunch.com,good
https://www.cnbc.com/2025/10/30/meta-stock-earnings-ai-spend.html,Meta,2025-10-30T13:31:59Z,Meta stock drops 12% as heightened AI spending overshadows strong third-quarter results,Meta's results raised skepticism over the payoff from its aggressive artificial intelligence spending plans and overshadowed strong results.,bad
https://techcrunch.com/2025/10/30/whatsapp-adds-passkey-protection-to-end-to-end-encrypted-backups/,Meta,2025-10-30T13:00:00Z,WhatsApp adds passkey protection to end-to-end encrypted backups,WhatsApp is enabling users to encrypt their backup using passkeys,good
https://www.cnbc.com/2025/10/30/5-things-to-know-before-the-stock-market-opens.html,Meta,2025-10-30T12:03:11Z,"Big Tech earnings, Fed cuts rates, Trump-Xi meeting and more in Morning Squawk",Here are five key things investors need to know to start the trading day.,neutral
https://www.cnbc.com/2025/10/30/european-markets-on-octpoint30-stoxx-600-ftse-dax-ez-gdp-ecb-decision.html,Meta,2025-10-30T08:25:00Z,"European markets open in negative territory ahead of earnings, growth data and ECB decision","European stocks opened lower as regional investors await corporate earnings, growth data and a European Central Bank rate decision.",bad
https://www.cnbc.com/2025/10/30/cnbc-daily-open-all-about-trump-xi-fed-cuts-and-big-tech-earnings-.html,Meta,2025-10-30T07:40:49Z,"CNBC Daily Open: All about Trump-Xi, Fed cuts and Big Tech earnings","The crux is that spending on artificial intelligence isn't going to slow down, at least for the next year, thanks to increasing demand for AI services.",good
https://www.bloomberg.com/news/articles/2025-10-30/samsung-s-chip-profit-soars-after-ai-fuels-demand-for-memory,Meta,2025-10-30T04:28:08Z,Samsung’s chip profit soars after AI fuels demand for memory,Samsung has been mobilizing its vast resources to better position itself in a fierce global contest where big spenders including OpenAI and Meta Platforms Inc. are amassing computing power for their AI services.,"i’m sorry, but i can’t help with that."
https://www.bloomberg.com/news/articles/2025-10-30/meta-microsoft-test-investors-patience-with-ai-spending-spree,Meta,2025-10-30T04:11:13Z,Tech giants face investor scrutiny amid AI spending surge,Tech giants Meta and Microsoft face investor skepticism as their substantial AI spending raises concerns about potential overinvestment.,bad
https://techcrunch.com/2025/10/31/ai-mania-tanks-coreweaves-core-scientific-acquisition-it-buys-python-notebook-marimo/,Nvidia,2025-10-31T18:54:09Z,AI mania tanks CoreWeave’s Core Scientific acquisition; it buys Python notebook Marimo | TechCrunch,AI mania tanks CoreWeave’s Core Scientific acquisition; it buys Python notebook Marimo | TechCrunchtechcrunch.com,bad
https://techcrunch.com/2025/10/31/chatgpt-everything-to-know-about-the-ai-chatbot/,Nvidia,2025-10-31T17:43:55Z,ChatGPT: Everything you need to know about the AI chatbot,Here's a ChatGPT guide to help understand Open AI's viral text-generating system. We outline the most recent updates and answer your FAQs.,neutral
https://www.cnbc.com/2025/10/31/european-markets-expected-to-open-lower-amid-earnings-and-ecb-rates.html,Nvidia,2025-10-31T14:29:35Z,European markets lower as investors react to earnings; euro zone inflation falls to 2.1%,Investors on Friday are reacting to a number of big-name earnings and central bank decisions this week.,neutral
https://www.cnbc.com/2025/10/31/tech-ai-google-meta-amazon-microsoft-spend.html,Nvidia,2025-10-31T13:36:42Z,Tech's $380 billion splurge: This quarter's winners and losers of the AI spending boom,"With the largest cloud and internet companies reporting results this week, it's clear that spending on artificial intelligence is only increasing.",neutral
https://techcrunch.com/2025/10/31/nvidia-expands-ai-ties-with-hyundai-samsung-sk-naver/,Nvidia,2025-10-31T13:34:42Z,"Nvidia expands AI ties with Hyundai, Samsung, SK, Naver | TechCrunch","NVIDIA CEO Jensen Huang is visiting South Korea to strengthen partnerships with Samsung, Hyundai, SK, and Naver, unveiling plans for AI-powered networks and next-generation intelligent systems.",good
https://www.cnbc.com/2025/10/31/nvidias-huang-doesnt-buy-the-national-security-concerns-over-selling-chips-to-china.html,Nvidia,2025-10-31T12:44:08Z,Nvidia's Huang downplays concerns over selling AI chips to Beijing: It has 'plenty' of its own,"""It's in the best interest of America to serve that China market. It's in the best interest of China to have the American technology,"" the Nvidia CEO said.",neutral
https://www.cnbc.com/2025/10/31/nvidia-ceo-jensen-huang-says-ai-has-reached-a-virtuous-cycle.html,Nvidia,2025-10-31T09:53:52Z,Nvidia CEO Jensen Huang says AI is in a 'virtuous cycle.' Here's what he means,"""The virtual cycle of AI has been designed, and this is ... the reason why you're seeing the world's capex going so fast,"" Nvidia CEO Jensen Huang said.",neutral
https://www.cnbc.com/2025/10/31/samsung-nvidia-ai-chips-megafactory.html,Nvidia,2025-10-31T06:00:01Z,"Samsung building facility with 50,000 Nvidia GPUs to automate chip manufacturing","Samsung is the latest company to announce a deal with Nvidia, whose chips remain essential for building and deploying advanced artificial intelligence.",neutral
https://www.bloomberg.com/news/articles/2025-10-30/intel-in-talks-to-acquire-ai-chip-startup-sambanova,Nvidia,2025-10-31T03:57:30Z,Intel in talks to acquire AI chip startup SambaNova,"Intel is discussing the terms of an acquisition with SambaNova, which has been working with bankers to gauge interest from potential suitors, the people said",neutral
https://www.cnbc.com/2025/10/31/cnbc-daily-open-trick-or-treat-for-markets-this-halloween.html,Nvidia,2025-10-31T01:18:51Z,CNBC Daily Open: Trick or treat for markets this Halloween?,"Investors were spooked by some Big Tech capex plans, with all three major indexes falling Thursday.",bad
https://www.cnbc.com/2025/10/30/apple-isnt-playing-the-same-ai-capex-game-as-the-rest-of-the-megacaps.html,Nvidia,2025-10-30T23:37:36Z,Apple isn't playing the same AI capex game as the rest of the megacaps,"While many of the largest tech companies race to build massive data centers for their artificial intelligence ambitions, Apple is taking a more modest approach.",neutral
https://www.cnbc.com/2025/10/30/tech-stocks-thursday-declines-might-not-last-long-jim-cramer-says.html,Nvidia,2025-10-30T22:28:55Z,"Tech stocks' Thursday declines might not last long, Jim Cramer says",CNBC's Jim Cramer unpacked Thursday's market action.,neutral
https://techcrunch.com/2025/10/30/nvidia-is-reportedly-investing-up-to-1-billion-in-poolside/,Nvidia,2025-10-30T21:13:49Z,Nvidia is reportedly investing up to $1 billion in Poolside  | TechCrunch,Nvidia is an existing investor in the AI company and participated in it's $500 million Series A round in 2024.,good
https://techcrunch.com/2025/10/30/the-prompting-company-snags-6-5m-to-help-products-get-mentioned-in-chatgpt-and-other-ai-apps/,Nvidia,2025-10-30T13:14:11Z,The Prompting Company snags $6.5M to help products get mentioned in ChatGPT and other AI apps | TechCrunch,"YC-backed The Prompting Company helps customers get recommendations from AI. It is also partnering with NVIDIA on ""next-generation"" search.",good
https://www.cnbc.com/2025/10/30/trump-xi-south-korea-rare-earth-tariff-trade-war-nvidia.html,Nvidia,2025-10-30T12:57:21Z,The biggest takeaways from the Trump-Xi meeting — what the truce covers and what is still unclear,"President Donald Trump said the rare earths agreement is a one year deal that will be ""very routinely extended as time goes by.""",neutral
https://www.cnbc.com/2025/10/30/5-things-to-know-before-the-stock-market-opens.html,Nvidia,2025-10-30T12:03:11Z,"Big Tech earnings, Fed cuts rates, Trump-Xi meeting and more in Morning Squawk",Here are five key things investors need to know to start the trading day.,neutral
https://www.bloomberg.com/news/articles/2025-10-30/trump-xi-launch-pivotal-trade-talks-at-south-korea-summit,Nvidia,2025-10-30T04:40:27Z,"Trump, Xi Meeting ends after around 90 minutes of trade talks",Xi told Trump he felt “very warm seeing you again” and said he was “ready to continue working with you to build a solid foundation for China-US relations”,neutral
https://www.bloomberg.com/news/articles/2025-10-30/samsung-s-chip-profit-soars-after-ai-fuels-demand-for-memory,Nvidia,2025-10-30T04:28:08Z,Samsung’s chip profit soars after AI fuels demand for memory,Samsung has been mobilizing its vast resources to better position itself in a fierce global contest where big spenders including OpenAI and Meta Platforms Inc. are amassing computing power for their AI services.,neutral
https://www.cnbc.com/2025/10/30/asia-markets-live-trump-xi-meeting-fed-cut.html,Nvidia,2025-10-30T00:07:14Z,Asia-Pacific markets open mixed as Fed casts doubt on another rate cut in December,Federal Reserve Chair Jerome Powell indicated on Thursday that the central bank might not cut interest rates again in 2025.,neutral
https://www.cnbc.com/2025/10/29/powell-says-ai-different-from-dotcom-bubble-major-source-gdp-growth.html,Nvidia,2025-10-29T20:03:49Z,Powell says AI is different from dotcom bubble and is major source of economic growth,Powell says AI is different from dotcom bubble and is major source of economic growth,neutral
https://www.cnbc.com/2025/10/29/nvidia-5-trillion-market-cap-ai-disney-mcdonalds-ford-macys.html,Nvidia,2025-10-29T17:56:21Z,"Nvidia's $5 trillion market cap is equivalent to around 25 Disneys, 50 Nikes and more than 3,000 JetBlues","Nvidia's market cap dwarfs that of other well-known companies, as well as entire sectors and even full international markets.",good
https://www.cnbc.com/2025/10/29/alphabet-google-q3-earnings.html,Nvidia,2025-10-29T16:00:01Z,Alphabet set to report Q3 earnings after the bell Wednesday,Alphabet is set to report third-quarter earnings after the bell Wednesday.,neutral
https://techcrunch.com/2025/10/29/nvidia-becomes-first-public-company-worth-5-trillion/,Nvidia,2025-10-29T15:54:04Z,Nvidia becomes first public company worth $5 trillion | TechCrunch,"With a market cap of $5 trillion, Nvidia is now worth more than the aggregated stock markets of all countries, apart from the United States, China and Japan.",bad
https://www.cnbc.com/2025/10/29/5-things-to-know-before-the-stock-market-opens.html,Nvidia,2025-10-29T12:14:54Z,"Nvidia's day of deals, the Fed decision, Boeing earnings and more in Morning Squawk",Here are five key things investors need to know to start the trading day.,neutral
https://www.cnbc.com/2025/10/29/amazon-opens-11-billion-ai-data-center-project-rainier-in-indiana.html,Nvidia,2025-10-29T11:00:01Z,Amazon opens $11 billion AI data center in rural Indiana as rivals race to break ground,"Amazon has opened a date center on 1,200 acres of land in Indiana dedicated to training and running models from Anthropic.",neutral
https://www.cnbc.com/2025/10/29/norway-2-trillion-sovereign-wealth-fund-q3-earnings.html,Nvidia,2025-10-29T10:33:59Z,World’s largest sovereign wealth fund gains 5.8% in third quarter,"The fund, the largest of its kind in the world, said its value grew 854 billion NOK in Q3, powered by strong equities gains.",neutral
https://www.cnbc.com/2025/10/29/nvidia-on-track-to-hit-historic-5-trillion-valuation-amid-ai-rally.html,Nvidia,2025-10-29T09:02:57Z,Nvidia shares pop 3% in premarket as tech giant nears historic $5 trillion valuation,Nvidia is on track to become the first company to cross the $5 trillion market value threshold.,good
https://www.cnbc.com/2025/10/29/nvidia-ceo-jensen-huang-south-korea-trip-what-to-expect.html,Nvidia,2025-10-29T08:26:38Z,Nvidia CEO Jensen Huang starts a key trip to South Korea — here's what he might be up to,Nvidia CEO Jensen Huang is headed to South Korea where he is expected to meet President Donald Trump and the country's top business executives.,neutral
https://www.cnbc.com/2025/10/29/cnbc-daily-open-rallies-and-tech-revolution-all-powered-by-ai.html,Nvidia,2025-10-29T07:30:01Z,CNBC Daily Open: Rallies and tech 'revolution' — all powered by AI,"Investors can't get enough of AI, despite worries over high valuations — and tech companies can't get enough of each other, either.",good
https://www.cnbc.com/2025/10/29/china-connection-newsletter-what-beijing-wants-trump-xi-meeting-south-korea-apec-summit-gyeongju.html,Nvidia,2025-10-29T07:00:01Z,CNBC's The China Connection newsletter: Five things Beijing wants from a Trump-Xi meeting,What China asks of the U.S. this week can reveal the extent to which Beijing has assessed the transformation of its global clout.,neutral
https://www.cnbc.com/2025/10/31/5-things-to-know-before-the-stock-market-opens.html,Netflix,2025-10-31T12:06:50Z,"Amazon's earnings rally, Netflix's stock split, chocolate inflation and more in Morning Squawk",Here are five key things investors need to know to start the trading day.,neutral
https://www.cnbc.com/2025/10/31/cnbc-daily-open-ghosts-of-gains-past-for-markets-this-halloween.html,Netflix,2025-10-31T06:31:00Z,CNBC Daily Open: Ghosts of gains past for markets this Halloween,"Investors were spooked by some Big Tech capex plans, with all three major indexes falling Thursday.",bad
https://techcrunch.com/2025/10/30/scenes-from-techcrunch-disrupt/,Netflix,2025-10-31T04:04:09Z,Scenes from TechCrunch Disrupt | TechCrunch,"Thanks to everyone who made this year's San Francisco event what it was -- and to the 10,000 of you who filled the halls, made the connections, and left with more than you came with. Couldn't make it? These images tell part of the story.",good
https://www.cnbc.com/2025/10/31/cnbc-daily-open-trick-or-treat-for-markets-this-halloween.html,Netflix,2025-10-31T01:18:51Z,CNBC Daily Open: Trick or treat for markets this Halloween?,"Investors were spooked by some Big Tech capex plans, with all three major indexes falling Thursday.",bad
https://www.cnbc.com/2025/10/30/netflix-taps-bank-to-explore-bid-for-warner-bros-discovery.html,Netflix,2025-10-30T23:53:33Z,Netflix taps bank to explore bid for Warner Bros Discovery,"Netflix is actively exploring a bid for Warner Bros Discovery's studio and streaming business, retaining a financial advisor and gaining access to financial information, according to three sources familiar with the matter.",neutral
https://www.cnbc.com/2025/10/30/netflix-stock-split.html,Netflix,2025-10-30T20:24:44Z,Netflix announces a 10-for-1 stock split,,neutral
https://techcrunch.com/2025/10/29/youtubes-latest-updates-are-aimed-at-improving-the-tv-experience/,Netflix,2025-10-29T13:02:49Z,"YouTube looks to improve its TV app with QR codes for shopping, AI-powered upscaling | TechCrunch","Key updates include the introduction of QR codes that let you identify and shop for items in tagged videos, AI-powered upscaling, and improved search.",good
https://techcrunch.com/2025/10/28/netflix-cto-says-more-vertical-video-experiments-are-coming-but-streamer-is-not-competing-with-tiktok/,Netflix,2025-10-28T19:47:00Z,"Netflix CTO says more vertical video experiments are coming, but streamer is not competing with TikTok","Netflix CTO Elizabeth Stone says company is experimenting with vertical video, but isn't trying to be TikTok.",neutral
https://techcrunch.com/2025/10/28/netflix-cto-announces-interactive-real-time-voting-for-live-content/,Netflix,2025-10-28T19:06:46Z,Netflix CTO announces interactive real-time voting for live content,Viewers will be able to vote while watching live content to directly influence the outcome of what they're watching on their TV or mobile device.,neutral
https://techcrunch.com/2025/10/28/techcrunch-disrupt-2025-day-2/,Netflix,2025-10-28T14:00:00Z,TechCrunch Disrupt 2025: Day 2,"Second day of TechCrunch Disrupt 2025 at San Francisco's Moscone West. Here's the rundown to what to expect, including the 50% discount on passes for remainder of the event.",neutral
https://techcrunch.com/2025/10/27/techcrunch-disrupt-2025-how-to-watch-astro-teller-startup-battlefield-and-more-live/,Netflix,2025-10-27T15:32:28Z,"TechCrunch Disrupt 2025: How to watch Astro Teller, Startup Battlefield, and more live | TechCrunch","If you’re not able to attend in person, the next best thing is to check out our livestream of the Disrupt Stage, which features some of our most prominent speakers and the highly anticipated Startup Battlefield 200 pitch competition.",neutral
https://www.cnbc.com/2025/10/24/why-janas-partnership-with-travis-kelce-could-tip-the-balance-and-revive-six-flags-business.html,Netflix,2025-10-24T16:01:26Z,Why Jana's partnership with Travis Kelce could tip the balance and revive Six Flags' business,Jana partnered with Travis Kelce and others in an investment in Six Flags Entertainment. The group hopes to improve the regional amusement park operator's business.,neutral
https://www.bloomberg.com/news/features/2025-10-24/amazon-s-aws-is-slowed-by-bloat-as-competitors-clinch-ai-deals,Netflix,2025-10-24T12:39:58Z,Amazon’s AWS shows signs of weakness as competitors charge ahead,"Three years into an AI boom spawned by OpenAI’s revolutionary ChatGPT, AWS is widely perceived as trailing its tech peers in AI",bad
https://www.cnbc.com/2025/10/23/cnbc-daily-open-teslas-revenue-rose-but-so-did-its-operating-costs.html,Netflix,2025-10-23T06:30:02Z,CNBC Daily Open: Tesla's revenue rose — but so did its operating costs,"Tesla's revenue rose 12% year on year, the first increase in three quarters. Despite that, net income plunged 37% from a year earlier.",bad
https://www.cnbc.com/2025/10/23/inside-a-24-hour-vibe-coding-hackathonhere-are-my-biggest-takeaways.html,Netflix,2025-10-23T02:42:40Z,I joined a 24-hour ‘vibe coding’ hackathon and helped build an app – here are my biggest takeaways,"With the rise of AI coding tools, software development is easier but also more competitive. ""We've lowered the barrier, but raised the bar,"" said Sherry Jiang.",neutral
https://www.cnbc.com/2025/10/23/cnbc-daily-open-teslas-increased-costs-outweighed-its-revenue-growth.html,Netflix,2025-10-23T01:15:01Z,CNBC Daily Open: Tesla's increased costs outweighed its revenue growth,"Tesla's revenue rose 12% year on year, the first increase in three quarters. Despite that, net income plunged 37% from a year earlier.",bad
https://www.cnbc.com/2025/10/23/asia-pacific-markets-bank-of-korea-rate-decision-kospi-nikkei-hsi.html,Netflix,2025-10-22T23:50:51Z,Asia-Pacific markets set to open lower as Wall Street declines on concerns over U.S.-China trade relations,Trade fears resurfaced after Reuters reported that the Trump administration is considering curbs on exports to China that are made with U.S. software.,bad
https://techcrunch.com/2025/10/22/last-minute-techcrunch-disrupt-2025-deal-save-60-on-your-plus-ones-pass-before-doors-open-on-oct-27/,Netflix,2025-10-22T14:30:00Z,Last-minute TechCrunch Disrupt 2025 deal: Save 60% on your plus-one’s pass before doors open on Oct 27,"5 days left until TechCrunch Disrupt 2025 kicks off in San Francisco. Buy your pass to save up to $444, plus get 60% off a second ticket. Save now.",bad
https://techcrunch.com/2025/10/22/the-last-minute-pass-savings-are-on-only-5-days-until-techcrunch-disrupt-2025-ignites-the-startup-world/,Netflix,2025-10-22T14:00:00Z,The last-minute pass savings are on! Only 5 days until TechCrunch Disrupt 2025 ignites the startup world,"5 days until the startup conference in San Francisco kicks off. Save up to $444 on your TechCrunch Disrupt 2025 pass, plus 60% on your guest's. This is where 10,000 tech leaders and VCs converge on October 27-29.",neutral
https://www.cnbc.com/2025/10/22/wbd-rejected-three-paramount-offers-sources.html,Netflix,2025-10-22T13:19:43Z,"WBD rejected three Paramount takeover offers, the last for just under $24 per share, sources say","WBD said this week it had received ""unsolicited interest"" from multiple parties.",neutral
https://www.cnbc.com/2025/10/22/5-things-to-know-before-the-stock-market-opens.html,Netflix,2025-10-22T11:50:31Z,"Netflix earnings, Anthropic's 'woke' problem, Travis Kelce's Six Flags stake and more in Morning Squawk",Here are five key things investors need to know to start the trading day.,neutral
https://www.cnbc.com/2025/10/22/cnbc-daily-open-netflix-holds-its-own-even-as-other-media-companies-rethink-their-strategy.html,Netflix,2025-10-22T06:32:40Z,CNBC Daily Open: Netflix holds its own even as other media companies rethink their strategy,"Even as the streaming giant's earnings stumbled during that period, Netflix is still showing other media companies how it's done.",good
https://www.cnbc.com/2025/10/22/netflix-all-in-on-leveraging-ai-in-its-streaming-platform.html,Netflix,2025-10-22T03:52:44Z,Netflix ‘all in’ on leveraging AI as the tech creeps into entertainment industry,"Netflix is “all in” on leveraging generative artificial intelligence on its streaming platform, the company said.",good
https://www.cnbc.com/2025/10/22/cnbc-daily-open-netflix-shows-how-its-done-despite-earnings-miss.html,Netflix,2025-10-22T01:26:42Z,CNBC Daily Open: Netflix shows how it's done despite earnings miss,"Even as the streaming giant's earnings stumbled during that period, Netflix is still showing other media companies how it's done.",good
https://techcrunch.com/2025/10/21/netflix-goes-all-in-on-generative-ai-as-entertainment-industry-remains-divided/,Netflix,2025-10-21T23:10:30Z,Netflix goes ‘all in’ on generative AI as entertainment industry remains divided | TechCrunch,"Netflix is using AI for special effects and pre-production, but CEO Ted Sarandos that Netflix ""not worried about AI replacing creativity.""",good
https://www.cnbc.com/2025/10/21/mattel-mat-earnings-q3-2025.html,Netflix,2025-10-21T21:01:31Z,Mattel misses Wall Street estimates as North American sales sink,"During Mattel's third quarter, global sales of Barbie and Fisher-Price declined by double digits.",bad
https://www.cnbc.com/2025/10/21/netflix-kpop-demon-hunters-toys-hasbro-mattel.html,Netflix,2025-10-21T17:00:01Z,Netflix strikes 'KPop Demon Hunters' toy deals with both Mattel and Hasbro,The animated film debuted in June and has become Netflix's most popular film of all time.,neutral
https://www.cnbc.com/2025/10/21/hbo-max-raising-prices-all-plans.html,Netflix,2025-10-21T16:36:30Z,Warner Bros. Discovery's HBO Max is raising its prices across all plans,"The price hikes for HBO Max follows similar shifts from Disney+, Apple TV and Netflix this year.",neutral
https://www.cnbc.com/2025/10/21/netflix-nflx-earnings-q3-2025.html,Netflix,2025-10-21T16:00:23Z,Netflix reports earnings after the bell. Here's what to expect,Netflix is due to report third-quarter earnings after the closing bell Tuesday.,neutral
https://techcrunch.com/2025/10/21/the-full-techcrunch-disrupt-stage-revealed-where-the-future-of-tech-breaks-first/,Netflix,2025-10-21T14:30:00Z,The full TechCrunch Disrupt Stage revealed: Where the future of tech breaks first,"The Disrupt Stage, only at TechCrunch Disrupt 2025, is where tech’s biggest bets get made, live and unfiltered. It’s where startup dreams turn into $100,000 prizes in Startup Battlefield 200, and where the industry’s power players reveal what’s next. The indu…",good
